编号;画师;皮肤名称;附属神名称
1000001;RoRo;廉价的爱;弗丽嘉;
1000002;RoRo;真白;约莫加德;
1000005;松花;旧臣;建御雷;
1000006;松花;旧臣;经津主;
1000007;spirtie;后羿的戏服;大国主;
1000008;魔鱼;瓦尔基里酒场;希格德莉法;
1000009;伊Illyasviel_橙;魔术师;洛基;
1000010;废人;魔法师;思兼神;
1000011;魔鱼;丰饶智慧;西芙;
1000012;Craz;睡衣派对;梅妮亚;
1000013;Craz;睡衣派对;菲妮亚;
1000020;X布;厨师;尼德霍格;
1000021;魔鱼;曲棍球;奥尔布达;
1000022;一靖;绅士;斯库鲁;
1000023;spirtie;黄金之翼;迦楼罗;
1000024;kita;编织者;海拉;
1000025;Ekita玄;白首之犬;阿努比斯;
1000026;cccct;白隼;孔斯;
1000027;kita;啸天;杨戬;
1000028;Craz;莲;哪吒;
1000029;clare;海盗;水蛭子;
1000030;勇妹-Uta;叛逆;火之伽俱土;
1000031;咸鱼yaya;熔岩之爪;芬里尔;
1000032;勇妹-Uta;锻造师;史尔特;
1000033;cccct;死者之王;奥西里斯;
1000034;U-Star;爱抚;贝斯特;
1000035;U-Star;伟大的爱;芙蕾雅;
1000036;U-Star;秘境;因陀罗;
1000037;RAN;北之大地;荒霸吐;
1000038;Craz;TML;月读;
1000039;Craz;摆渡;奈芙蒂斯;
1000040;Craz;希望的曙光;雅典娜;
1000041;RitoruG;逐月流辉;辉夜;
1000042;Craz;致命女仆;相柳;
1000043;RitoruG;水之囚牢;共工;
1000044;茶几;申岁夺亥;孙悟空;
1000045;RitoruG;华灯初上;普罗米修斯;
1000046;神代委员会;上元之憩;后羿;
1000047;神代委员会;春之花嫁;托特;
1000048;神代委员会;沙中圆舞;索贝克;
1000049;RitoruG;阿尔贝莉琪;阿尔贝莉琪;
1000050;神代委员会;心血来潮;波塞冬;
1000051;神代委员会;沙滩上的光明;博德;
1000052;火鸡;伊吹艾草茂;天探女;
1000053;火鸡;冷处理;霍德尔;
1000054;火鸡;丰饶神酒;少彦名;
1000055;茶几;福佑风雨;旱魃;
1000056;AYA;祟梦之鼠;混沌;
1000060;水獭;孤寂之寒;斯卡蒂;
1000061;水獭;楞伽之火;哈努曼;
1000062;神代委员会;偶像之光;阿波罗;
1000063;皮杰;摩柯之笔;犍尼萨;
1000064;神代委员会;举杯邀明月;古尔薇格;
1000065;茶几;逮捕令;亚顿;
1000066;团子;川上宴乐;大和武尊;
1000067;糯米酱;战损;提尔;
1000068;AO;幻影与梦;庄周鹏之型;
1000069;咸鱼菌;火树银花;埃庇米修斯;
1000070;七囍;暗潮;娜迦;
1000071;大牙;战前宁静;弗雷·夏之王;
1000072;AO;哀之花嫁;冥后奇稻田;
1000073;UkuLul;夏夜试胆;须佐之男;
1000074;UkuLul;芙蕾雅的戏服;托尔;
1000075;温度;追求者;索列姆;
1000076;CTR长歌;虎年吉运;南华整备士;
1000077;炸鸡子;深海之民;庄周鲲之型;
1000078;咸鱼菌;纵横;王诩;
1000079;TDA;诹访雫;建御名方;
1000099;kita;啸天;哮天犬;
